Workbook

Sheet data
A1: REF_YR | B1: kategori | C1: beskrivelse | D1: husstand | E1: forbrug | F1: gns_pris_indeks | G1: inflation_t_tminus1 | H1: inflation_t_tplus1
A2: 2001 | B2: 01.1 | C2: Foedevarer | D2: 1 | E2: 13010 | H2: 1.0225833
A3: 2001 | B3: 01.2 | C3: Ikke-alkoholiske drikkevarer | D3: 1 | E3: 1962 | H3: 1.0170833
A4: 2001 | B4: 02.1 | C4: Alkoholiske drikkevarer | D4: 1 | E4: 3066 | H4: 0.989
A5: 2001 | B5: 02.2 | C5: Tobak | D5: 1 | E5: 3644 | H5: 1.025
A6: 2001 | B6: 03.1 | C6: Beklaedning | D6: 1 | E6: 5958 | H6: 1.031
A7: 2001 | B7: 03.2 | C7: Fodtoej | D7: 1 | E7: 1564 | H7: 0.99208333
A8: 2001 | B8: 04.1 | C8: Faktisk husleje | D8: 1 | E8: 21189 | H8: 1.025
A9: 2001 | B9: 04.2 | C9: Beregnet lejevaerdi af bolig | D9: 1 | E9: 7956 | H9: 1.025
A10: 2001 | B10: 04.3 | C10: Vedligeholdelse og reparation af bolig | D10: 1 | E10: 1681 | H10: 1.0233333
A11: 2001 | B11: 04.4 | C11: Vandforsyning og andre tjenester i forbindelse med boligen | D11: 1 | E11: 3889 | H11: 1.0581667
A12: 2001 | B12: 04.5 | C12: Elektricitet, gas og andet braendsel | D12: 1 | E12: 10762 | H12: 1.0315
A13: 2001 | B13: 05.1 | C13: Moebler og boligudstyr, taepper og anden gulvbelgning | D13: 1 | E13: 3644 | H13: 1.0091667
... A288: 2001 | B288: 12.7 | C288: Andre tjenester | D288: 7 | E288: 1040 | H288: 1.02825
A289: 2002 | B289: 01.1 | C289: Foedevarer | D289: 1 | E289: 13571 | G289: 1.0225833 | H289: 1.0196667
A290: 2002 | B290: 01.2 | C290: Ikke-alkoholiske drikkevarer | D290: 1 | E290: 1987 | G290: 1.0170833 | H290: 0.98
A291: 2002 | B291: 02.1 | C291: Alkoholiske drikkevarer | D291: 1 | E291: 2889 | G291: 0.989 | H291: 0.98875
A292: 2002 | B292: 02.2 | C292: Tobak | D292: 1 | E292: 3442 | G292: 1.025 | H292: 0.98833333
A293: 2002 | B293: 03.1 | C293: Beklaedning | D293: 1 | E293: 5379 | G293: 1.031 | H293: 1.0045833
A294: 2002 | B294: 03.2 | C294: Fodtoej | D294: 1 | E294: 1298 | G294: 0.99208333 | H294: 1.0355
A295: 2002 | B295: 04.1 | C295: Faktisk husleje | D295: 1 | E295: 21173 | G295: 1.025 | H295: 1.0278333
A296: 2002 | B296: 04.2 | C296: Beregnet lejevaerdi af bolig | D296: 1 | E296: 8483 | G296: 1.025 | H296: 1.0265
A297: 2002 | B297: 04.3 | C297: Vedligeholdelse og reparation af bolig | D297: 1 | E297: 1532 | G297: 1.0233333 | H297: 1.0148333
A298: 2002 | B298: 04.4 | C298: Vandforsyning og andre tjenester i forbindelse med boligen | D298: 1 | E298: 3901 | G298: 1.0581667 | H298: 1.0471667
A299: 2002 | B299: 04.5 | C299: Elektricitet, gas og andet braendsel | D299: 1 | E299: 11373 | G299: 1.0315 | H299: 1.0113333
A300: 2002 | B300: 05.1 | C300: Moebler og boligudstyr, taepper og anden gulvbelgning | D300: 1 | E300: 3143 | G300: 1.0091667 | H300: 1.00775
... A6315: 2022 | B6315: 12.7 | C6315: Andre tjenester | D6315: 7 | E6315: 978 | G6315: 1.06525 | H6315: 1.0155833

Sheet prisindeks_2015
B1: Årsgennemsnit
A2: 2001 | B2: 76.9
A3: 2002 | B3: 78.8
A4: 2003 | B4: 80.6
A5: 2004 | B5: 81.7
A6: 2005 | B6: 83.3
A7: 2006 | B7: 85
A8: 2007 | B8: 86.7
A9: 2008 | B9: 89.9
A10: 2009 | B10: 91.7
A11: 2010 | B11: 93.6
A12: 2011 | B12: 96
A13: 2012 | B13: 97.8
... A24: 2023 | B24: 118

Sheet prisindeks_2006
B1: prisindeks
A2: =prisindeks_2015!A2 -> 2001 | B2: 100
A3: =prisindeks_2015!A3 -> 2002 | B3: =prisindeks_2015!B3/prisindeks_2015!B2*prisindeks_2006!B2 -> 102.47074
A4: =prisindeks_2015!A4 -> 2003 | B4: =prisindeks_2015!B4/prisindeks_2015!B3*prisindeks_2006!B3 -> 104.81144
A5: =prisindeks_2015!A5 -> 2004 | B5: =prisindeks_2015!B5/prisindeks_2015!B4*prisindeks_2006!B4 -> 106.24187
A6: =prisindeks_2015!A6 -> 2005 | B6: =prisindeks_2015!B6/prisindeks_2015!B5*prisindeks_2006!B5 -> 108.3225
A7: =prisindeks_2015!A7 -> 2006 | B7: =prisindeks_2015!B7/prisindeks_2015!B6*prisindeks_2006!B6 -> 110.53316
A8: =prisindeks_2015!A8 -> 2007 | B8: =prisindeks_2015!B8/prisindeks_2015!B7*prisindeks_2006!B7 -> 112.74382
A9: =prisindeks_2015!A9 -> 2008 | B9: =prisindeks_2015!B9/prisindeks_2015!B8*prisindeks_2006!B8 -> 116.90507
A10: =prisindeks_2015!A10 -> 2009 | B10: =prisindeks_2015!B10/prisindeks_2015!B9*prisindeks_2006!B9 -> 119.24577
A11: =prisindeks_2015!A11 -> 2010 | B11: =prisindeks_2015!B11/prisindeks_2015!B10*prisindeks_2006!B10 -> 121.71651
A12: =prisindeks_2015!A12 -> 2011 | B12: =prisindeks_2015!B12/prisindeks_2015!B11*prisindeks_2006!B11 -> 124.83745
A13: =prisindeks_2015!A13 -> 2012 | B13: =prisindeks_2015!B13/prisindeks_2015!B12*prisindeks_2006!B12 -> 127.17815
A14: =prisindeks_2015!A14 -> 2013 | B14: =prisindeks_2015!B14/prisindeks_2015!B13*prisindeks_2006!B13 -> 128.21847
... A24: =prisindeks_2015!A24 -> 2023 | B24: =prisindeks_2015!B24/prisindeks_2015!B23*prisindeks_2006!B23 -> 153.44603
